<?xml version="1.0" encoding="UTF-8"?>
<catalog>
	<title>FastShop</title>
	<category>
		<name>Notebook</name>
		<photo>notebook.png</photo>
		<item>
			<name>Samsung 530U3CAD3</name>
			<icon>SG530U3CAD3_t.jpg</icon>
			<photo>SG530U3CAD3_g.jpg</photo>
			<description>UltrabookTM Samsung 530U3CAD3 com 2ª Geração do Processador Intel® CoreTM i5 2537M, 4GB de Memória, 500GB de HD, Tela 13.3" e Windows®</description>
		</item>
		<item>
			<name>Samsung RV415-CD3BR</name>
			<icon>SGRV415CD3_t.jpg</icon>
			<photo>SGRV415CD3_g.jpg</photo>
			<description>Notebook Samsung RV415-CD3BR com AMD Dual Core Processor E-300, 2GB de Memória, HD de 320GB, Tela LED de 14" e Windows 8</description>
		</item>
	</category>
	<category>
		<name>Smartphone</name>
		<photo>smartphone.png</photo>
		<category>
			<name>Samsung</name>
			<photo>samsung.jpg</photo>
			<item>
				<name>Samsung Galaxy SII</name>
				<icon>SGI9100_t.jpg</icon>
				<photo>SGI9100_g.jpg</photo>
				<description>Smartphone Samsung Galaxy S III I9300 Azul com Display de Super AMOLED de 4,8", 3G + Wi-Fi, Android 4.0, Processador Quad Core 1.4Ghz, Câmera de 8.0MP, Vídeos em Full HD e Memória de 16GB</description>
			</item>
			<item>
				<name>Samsung Galaxy SIII</name>
				<icon>SGI9300_t.jpg</icon>
				<photo>SGI9300_g.jpg</photo>
				<description>Smartphone Samsung Galaxy S III I9300 Azul com Display de Super AMOLED de 4,8", 3G + Wi-Fi, Android 4.0, Processador Quad Core 1.4Ghz, Câmera de 8.0MP, Vídeos em Full HD e Memória de 16GB</description>
			</item>			
		</category>
		<category>
			<name>LG</name>
			<photo>lg.jpg</photo>
			<item>
				<name>LG Optimus L5</name>
				<icon>LGE455_BC_t.jpg</icon>
				<photo>LGE455_BC_g.jpg</photo>
				<description>Celular Smartphone LG Optimus L5 II Dual E455 Branco Tela de 4", 3G + Wi-Fi, Android 4.1 Jelly Bean, Câmera 5MP com Flash, Processador de 1Ghz, Bluetooth e MP3</description>
			</item>
			<item>
				<name>LG Optimus G E977</name>
				<icon>LGE977_t.jpg</icon>
				<photo>LGE977_g.jpg</photo>
				<description>Smartphone LG Optimus G E977 Preto Android Jelly Bean 4.1, 4G, Processador Qualcomm SnapdragonTM S4 Pro 1.5 Quad-Core, Tela True HD IPS Plus 4.7" WXGA, Memória Interna de 32GB e Câmera 13 MP</description>
			</item>
			<item>
				<name>LG Optimus L5 II</name>
				<icon>LGE455_t.jpg</icon>
				<photo>LGE455_g.jpg</photo>
				<description>Smartphone LG Optimus L5 II Dual Chip E455 com Tela de 4", 3G + Wi-Fi, Android 4.1 Jelly Bean, Câmera 5MP com Flash, Processador de 1Ghz, Bluetooth e MP3</description>
			</item>
		</category>
	</category>
</catalog>